caseName,status,websiteDbName,cleanClaimsDbName,submittedOnlineCount,matchedInCleanClaimsCount,missingCount,missingAfterDeadlineCount,largestMissingDay,largestMissingDayCount,deadlineDate,referenceDate,isDBOnline,isActive,description
"(EEOC) v. 24 Hour Fitness USA, LLC",OK,24HourFitnessUSA_EEOC_C,24HourFitnessUSA_EEOC_C_SQL,0,0,0,0,,0,2026-01-30,2025-06-13,ONLINE,false,Confirmation compare clean for valid in-window submissions (deadline/today/test filters applied).
"1925 Hooper LLC, et al. v. The National Association of Realtors, et al.",OK,NationalAssociationOfRealtors_Hooper_C,NationalAssociationOfRealtors_Hooper_C_SQL,43929,43929,0,1,,0,2025-09-20,2025-06-13,ONLINE,false,Confirmation compare clean for valid in-window submissions (deadline/today/test filters applied).
"Alcazar v. Fashion Nova, Inc",OK,FashionNova_Alcazar_C,FashionNova_Alcazar_C_SQL,733644,733644,0,2563,,0,2025-10-20,2025-06-13,ONLINE,false,Confirmation compare clean for valid in-window submissions (deadline/today/test filters applied).
Allin v. Compassion Health Care,OK,CompassionHealthCare_Allin_C,CompassionHealthCare_Allin_C_SQL,566,566,0,0,,0,2026-05-04,2025-06-13,ONLINE,true,Confirmation compare clean for valid in-window submissions (deadline/today/test filters applied).
"Andrews v. Bojangles OpCo, LLC",OK,Bojangles_Andrews_PC,Bojangles_Andrews_PC_SQL,0,0,0,0,,0,2024-12-31,2025-06-13,ONLINE,false,Confirmation compare clean for valid in-window submissions (deadline/today/test filters applied).
"Basham v. Tailored Living Choices, LLC (Post Cert)",OK,TailoredLivingChoices_Basham_PC,TailoredLivingChoices_Basham_PC_SQL,0,0,0,0,,0,2025-08-19,2025-06-13,ONLINE,false,Confirmation compare clean for valid in-window submissions (deadline/today/test filters applied).
BelcampoGroup_Freeman_C,OK,BelcampoGroup_Freeman_C,BelcampoGroup_Freeman_C_SQL,0,0,0,0,,0,2024-10-12,2025-06-13,ONLINE,false,Confirmation compare clean for valid in-window submissions (deadline/today/test filters applied).
Blankenship v Leonards Express Inc,OK,LeonardsExpress_Blankenship_C,LeonardsExpress_Blankenship_C_SQL,10,10,0,0,,0,2025-07-03,2025-06-13,ONLINE,false,Confirmation compare clean for valid in-window submissions (deadline/today/test filters applied).
"Bozorgmehri v. Addus Healthcare, Inc.",OK,AddusHealthcare_Bozorgmehri_C,AddusHealthcare_Bozorgmehri_C_SQL,27,27,0,0,,0,2026-03-03,2025-06-13,ONLINE,false,Confirmation compare clean for valid in-window submissions (deadline/today/test filters applied).
"Brett et al. v. Valley Mountain Regional Center, Inc",OK,ValleyMountainRegionalCenter_Brett_C,ValleyMountainRegionalCenter_Brett_C_SQL,4146,4146,0,0,,0,2025-08-20,2025-06-13,ONLINE,false,Confirmation compare clean for valid in-window submissions (deadline/today/test filters applied).
"Brown v. 1888 Mills, LLC",OK,One888Mills_Brown_PC,1888Mills_Brown_PC_SQL,0,0,0,0,,0,2023-01-23,2025-06-13,ONLINE,false,Confirmation compare clean for valid in-window submissions (deadline/today/test filters applied).
"Brown v. Audiology Distribution, LLC, et al.",OK,AudiologyDistribution_Brown_C,AudiologyDistribution_Brown_C_SQL,0,0,0,0,,0,2024-10-07,2025-06-13,ONLINE,false,Confirmation compare clean for valid in-window submissions (deadline/today/test filters applied).
"Burnett et al. v. National Association of Realtors, et al.",OK,NAR_Sitzer_PC,NAR_Burnett_PC_SQL,0,0,0,0,,0,2022-11-12,2025-06-13,ONLINE,false,Confirmation compare clean for valid in-window submissions (deadline/today/test filters applied).
"Cabral v. Wemlo, LLC",OK,Wemlo_Cabral_C,Wemlo_Cabral_C_SQL,0,0,0,0,,0,2025-03-25,2025-06-13,ONLINE,false,Confirmation compare clean for valid in-window submissions (deadline/today/test filters applied).
"Caldwell v. Identity Intelligence Group, LLC - Deactivated",OK,IdentityIntelligenceGroup_Caldwell_D,IdentityIntelligenceGroup_Caldwell_D_SQL,0,0,0,0,,0,2025-02-13,2025-06-13,ONLINE,false,Confirmation compare clean for valid in-window submissions (deadline/today/test filters applied).
"Caldwell. v. Identity Intelligence Group, LLC",OK,IdentityIntelligenceGroup_Caldwell_C,IdentityIntelligenceGroup_Caldwell_C_SQL,13739,13739,0,0,,0,2026-03-06,2025-06-13,ONLINE,false,Confirmation compare clean for valid in-window submissions (deadline/today/test filters applied).
Calton v. Medical Center Barbour,OK,MedicalCenterBarbour_Calton_C,MedicalCenterBarbour_Calton_C_SQL,1011,1011,0,0,,0,2026-01-02,2025-06-13,ONLINE,false,Confirmation compare clean for valid in-window submissions (deadline/today/test filters applied).
Carbajal v. Cenlar FSB,OK,CenlarFSB_Carbajal_C,CenlarFSB_Carbajal_C_SQL,141,141,0,0,,0,2026-05-15,2025-06-13,ONLINE,true,Confirmation compare clean for valid in-window submissions (deadline/today/test filters applied).
Casilao v. Hotelmacher LLC,OK,Hotelmacher_Casilao_C,Hotelmacher_Casilao_C_SQL,0,0,0,0,,0,2024-07-15,2025-06-13,ONLINE,false,Confirmation compare clean for valid in-window submissions (deadline/today/test filters applied).
"Castaneda v. Los Dos Potrillos, LLC",OK,LosDosPotrillos_Castenada_C,LosDosPotrillos_Castenada_C_SQL,0,0,0,0,,0,2025-04-18,2025-06-13,ONLINE,false,Confirmation compare clean for valid in-window submissions (deadline/today/test filters applied).
"Christopher v. Box, Inc.",OK,Box_Christopher_C,Box_Christopher_C_SQL,34,34,0,0,,0,2026-05-11,2025-06-13,ONLINE,true,Confirmation compare clean for valid in-window submissions (deadline/today/test filters applied).
"City of Oakland v. California Waste Solutions, Inc.",OK,CaliforniaWasteSolutions_CityOfOakland_C,CaliforniaWasteSolutions_CityOfOakland_C_SQL,0,0,0,0,,0,2025-04-11,2025-06-13,ONLINE,false,Confirmation compare clean for valid in-window submissions (deadline/today/test filters applied).
"Collier v. Adar Hartford Realty, LLC",OK,AdarHartfordRealty_Collier_PC,AdarHartfordRealty_Collier_PC_SQL,0,0,0,0,,0,2025-11-06,2025-06-13,ONLINE,false,Confirmation compare clean for valid in-window submissions (deadline/today/test filters applied).
Collins v. The District of Columbia,OK,DistrictOfColumbia_Collins_C,DistrictOfColumbia_Collins_C_SQL,347,347,0,0,,0,2025-10-24,2025-06-13,ONLINE,false,Confirmation compare clean for valid in-window submissions (deadline/today/test filters applied).
"Cordoba v. DIRECTV, LLC",OK,DirecTV_Cordoba_C,DirecTV_Cordoba_C_SQL,0,0,0,0,,0,2024-05-17,2025-06-13,ONLINE,false,Confirmation compare clean for valid in-window submissions (deadline/today/test filters applied).
"Cordoba v. DIRECTV, LLC (W-9 Form)",OK,DirecTV_Cordoba_C,DirecTV_Cordoba_C_SQL,0,0,0,0,,0,2024-06-21,2025-06-13,ONLINE,false,Confirmation compare clean for valid in-window submissions (deadline/today/test filters applied).
"Cortez v. Grass Clips, Inc.",OK,GrassClips_Cortez_PC,GrassClips_Cortez_PC_SQL,0,0,0,0,,0,2022-10-24,2025-06-13,ONLINE,false,Confirmation compare clean for valid in-window submissions (deadline/today/test filters applied).
Croce v. St Josephs College of New York,OK,StJosephsCollegeOfNewYork_Croce_C,StJosephsCollegeOfNewYork_Croce_C_SQL,174,174,0,0,,0,2026-01-12,2025-06-13,ONLINE,false,Confirmation compare clean for valid in-window submissions (deadline/today/test filters applied).
"Cusack v. SROA Capital, LLC",OK,SROACapital_Cusack_C,SROACapital_Cusack_C_SQL,0,0,0,0,,0,2025-04-10,2025-06-13,ONLINE,false,Confirmation compare clean for valid in-window submissions (deadline/today/test filters applied).
"Daniel v. Mars Wrigley Confectionery US, LLC",OK,MarsWrigleyConfectioneryUS_DanielMonson_C,MarsWrigleyConfectioneryUS_DanielMonson_C_SQL,0,0,0,0,,0,2024-08-28,2025-06-13,ONLINE,false,Confirmation compare clean for valid in-window submissions (deadline/today/test filters applied).
"Daniel v. Stericycle, Inc., et al.",OK,Stericycle_Daniel_PC,Stericycle_Daniel_PC_SQL,0,0,0,0,,0,2023-01-10,2025-06-13,ONLINE,false,Confirmation compare clean for valid in-window submissions (deadline/today/test filters applied).
Darling v. West Coast Self Storage,OK,WestCoastSelfStorage_Darling_C,WestCoastSelfStorage_Darling_C_SQL,18,18,0,0,,0,2026-05-11,2025-06-13,ONLINE,true,Confirmation compare clean for valid in-window submissions (deadline/today/test filters applied).
"David McCollum, et al. v. Peter P.M. Buttigieg, Secretary,
Department of Transportation (FAA)",OK,FAA_McCollum2_C,FAA_McCollum2_C_SQL,0,0,0,0,,0,,2025-06-13,ONLINE,false,Confirmation compare clean for valid in-window submissions (deadline/today/test filters applied).
de Rochemont v. UC Distribution LLC,OK,UCDistribution_deRochemont_O,UCDistribution_deRochemont_O_SQL,541,541,0,0,,0,2026-04-20,2025-06-13,ONLINE,true,Confirmation compare clean for valid in-window submissions (deadline/today/test filters applied).
Dean v. Maryville University of Saint Louis,OK,MaryvilleUniversityOfSaintLouis_Dean_C,MaryvilleUniversityOfSaintLouis_Dean_C_SQL,0,0,0,0,,0,2025-03-06,2025-06-13,ONLINE,false,Confirmation compare clean for valid in-window submissions (deadline/today/test filters applied).
District of Columbia v. Kevin Onyona (Swahili Village),OK,KevinOnyona_DistrictOfColumbia_C,KevinOnyona_DistrictOfColumbia_C_SQL,0,0,0,0,,0,2025-01-29,2025-06-13,ONLINE,false,Confirmation compare clean for valid in-window submissions (deadline/today/test filters applied).
Dryden v. Tri Counties Bank,OK,TriCountiesBank_Dryden_C,TriCountiesBank_Dryden_C_SQL,1295,1295,0,0,,0,2026-04-21,2025-06-13,ONLINE,true,Confirmation compare clean for valid in-window submissions (deadline/today/test filters applied).
Edwards v. City of Raleigh,OK,CityofRaleigh_Edwards_PC,CityofRaleigh_Edwards_PC_SQL,0,0,0,0,,0,2025-02-07,2025-06-13,ONLINE,false,Confirmation compare clean for valid in-window submissions (deadline/today/test filters applied).
"EEOC v BaronHR, LLC",OK,RadiantServicesBaronHR_EEOC_C,BaronHR_EEOC_C_SQL,60,60,0,0,,0,2025-10-15,2025-06-13,ONLINE,false,Confirmation compare clean for valid in-window submissions (deadline/today/test filters applied).
"EEOC v. Focus Plumbing, LLC",OK,FocusPlumbing_EEOC_C,FocusPlumbing_EEOC_C_SQL,0,0,0,0,,0,2024-10-01,2025-06-13,ONLINE,false,Confirmation compare clean for valid in-window submissions (deadline/today/test filters applied).
EEOC v. Joe and The Juice,OK,JoeAndTheJuice_EEOC_C,JoeAndTheJuice_EEOC_C_SQL,0,0,0,0,,0,2023-07-17,2025-06-13,ONLINE,false,Confirmation compare clean for valid in-window submissions (deadline/today/test filters applied).
"EEOC v. Kane’s Furniture, LLC dba Kane’s Furniture",OK,KanesFurniture_EEOC_C,KanesFurniture_EEOC_C_SQL,34,34,0,0,,0,2025-08-01,2025-06-13,ONLINE,false,Confirmation compare clean for valid in-window submissions (deadline/today/test filters applied).
EEOC v. Kickback Jacks,OK,BattlegroundRestaurants_EEOC_C,BattlegroundRestaurants_EEOC_C_SQL,16,16,0,0,,0,2026-08-03,2025-06-13,ONLINE,true,Confirmation compare clean for valid in-window submissions (deadline/today/test filters applied).
EEOC v. Leopalace Guam Corporation dba Leopalace Resort,OK,LeopalaceGuamCorporation_EEOC_C,LeopalaceGuamCorporation_EEOC_C_SQL,51,51,0,0,,0,2026-04-19,2025-06-13,ONLINE,true,Confirmation compare clean for valid in-window submissions (deadline/today/test filters applied).
"EEOC v. Nevada Restaurant Services, Inc.",OK,NevadaRestaurantServices_EEOC_C,NevadaRestaurantServices_EEOC_C_SQL,164,164,0,0,,0,2026-05-11,2025-06-13,ONLINE,true,Confirmation compare clean for valid in-window submissions (deadline/today/test filters applied).
"Ellsworth v. Robertson’s Ready Mix, LTD",OK,RobertsonsReadyMix_Ellsworth_C,RobertsonsReadyMix_Ellsworth_C_SQL,0,0,0,0,,0,2023-05-22,2025-06-13,ONLINE,false,Confirmation compare clean for valid in-window submissions (deadline/today/test filters applied).
Fava v. Laborers International Union of North America Local 1184,OK,LaborersInternationalUnionOfNorthAmerica_Fava_C,LaborersInternationalUnionOfNorthAmerica_Fava_C_SQL,80,80,0,0,,0,2026-02-14,2025-06-13,ONLINE,false,Confirmation compare clean for valid in-window submissions (deadline/today/test filters applied).
"FIGUEROA v. BUTTERBALL, LLC",OK,Butterball_Figueroa_PC,ButterballPostCert_SQL,0,0,0,0,,0,2023-11-30,2025-06-13,ONLINE,false,Confirmation compare clean for valid in-window submissions (deadline/today/test filters applied).
"Ford v. Farha Roofing, LLC",OK,FarhaRoofing_Ford_C,FarhaRoofing_Ford_C_SQL,4,4,0,0,,0,2025-06-13,2025-06-13,ONLINE,false,Confirmation compare clean for valid in-window submissions (deadline/today/test filters applied).
"Fritz, et al. v. Glacier Bank, et al.",OK,GlacierBank_FritzAdams_C,GlacierBank_FritzAdams_C_SQL,149,149,0,0,,0,2026-04-21,2025-06-13,ONLINE,true,Confirmation compare clean for valid in-window submissions (deadline/today/test filters applied).
Gannon v. W.P. Malone,OK,WPMalone_Gannon_C,WPMalone_Gannon_C_SQL,339,339,0,0,,0,2026-01-26,2025-06-13,ONLINE,false,Confirmation compare clean for valid in-window submissions (deadline/today/test filters applied).
Goff v. County of Riverside,OK,CountyofRiverside_Goff_PC,CountyofRiverside_Goff_PC_SQL,93,93,0,0,,0,2026-02-10,2025-06-13,ONLINE,false,Confirmation compare clean for valid in-window submissions (deadline/today/test filters applied).
"Goodwin v. Word & Brown Insurance Administrators, Inc.",OK,WordAndBrownInsurance_Goodwin_C,WordAndBrownInsurance_Goodwin_C_SQL,95,95,0,0,,0,2026-02-19,2025-06-13,ONLINE,false,Confirmation compare clean for valid in-window submissions (deadline/today/test filters applied).
"Gore v. Potpourri Group, Inc.",OK,PotpourriGroup_Gore_C,PotpourriGroup_Gore_C_SQL,0,0,0,0,,0,2022-11-28,2025-06-13,ONLINE,false,Confirmation compare clean for valid in-window submissions (deadline/today/test filters applied).
Grosch v. Merrill Lynch,OK,MerrillLynchPierceFennerSmith_Grosch_C,MerrillLynchPierceFennerSmith_Grosch_C_SQL,0,0,0,0,,0,2025-04-01,2025-06-13,ONLINE,false,Confirmation compare clean for valid in-window submissions (deadline/today/test filters applied).
"Guzman v Allan Company, Inc.",OK,Allan_Guzman_D,Allan_Guzman_D_SQL,0,0,0,0,,0,2024-05-31,2025-06-13,ONLINE,false,Confirmation compare clean for valid in-window submissions (deadline/today/test filters applied).
"Haggerty, et al. v. Reliant Pro Rehab LLC",OK,Reliant_Haggerty_PC,Reliant_Haggerty_PC_SQL,0,0,0,0,,0,2023-05-30,2025-06-13,ONLINE,false,Confirmation compare clean for valid in-window submissions (deadline/today/test filters applied).
"Hashemi, et al. v. Bosley, Inc.",OK,Bosley_Hashemi_C,Bosley_Hashemi_C_SQL,0,0,0,0,,0,2022-07-07,2025-06-13,ONLINE,false,Confirmation compare clean for valid in-window submissions (deadline/today/test filters applied).
"Henderson, et al. v. Reventics, LLC",OK,ReventicsLLC_Henderson_C,ReventicsLLC_Henderson_C_SQL,11396,11396,0,1,,0,2025-07-25,2025-06-13,ONLINE,false,Confirmation compare clean for valid in-window submissions (deadline/today/test filters applied).
"Hootselle, et al. v. Missouri Department of Corrections",OK,MissouriDepartmentOfCorrections_Hootselle_C,MissouriDepartmentOfCorrections_Hootselle_C_Disbursement_SQL,0,0,0,0,,0,2022-12-02,2025-06-13,ONLINE,false,Confirmation compare clean for valid in-window submissions (deadline/today/test filters applied).
"Hopkins, et al. v. Aladdin Food Management Services, LLC, et al.",OK,AladdinFoodManagementServices_Hopkins_C,AladdinFoodManagementServices_Hopkins_C_SQL,249,249,0,0,,0,2025-11-17,2025-06-13,ONLINE,false,Confirmation compare clean for valid in-window submissions (deadline/today/test filters applied).
Johnson v. Hawthorne Residential Partners LLC et al.,OK,HawthorneResidentialPartners_Johnson_C,HawthorneResidentialPartners_Johnson_C_SQL,0,0,0,0,,0,2023-07-25,2025-06-13,ONLINE,false,Confirmation compare clean for valid in-window submissions (deadline/today/test filters applied).
Jones v. Einstein and Noah Corp.,OK,EinsteinAndNoahCorp_JonesMears_C,EinsteinAndNoahCorp_JonesMears_C_SQL,0,0,0,0,,0,2025-03-22,2025-06-13,ONLINE,false,Confirmation compare clean for valid in-window submissions (deadline/today/test filters applied).
"Jones v. Tapestry, Inc.",OK,Tapestry_Jones_C,Tapestry_Jones_C_SQL,83,83,0,0,,0,2025-11-21,2025-06-13,ONLINE,false,Confirmation compare clean for valid in-window submissions (deadline/today/test filters applied).
Josey v. DCT Pizza Companies,OK,DCTPizzaCompanies_Josey_C,DCTPizzaCompanies_Josey_C_SQL,0,0,0,0,,0,2025-06-02,2025-06-13,ONLINE,false,Confirmation compare clean for valid in-window submissions (deadline/today/test filters applied).
"Kittlitz v. Half Price Books, Records, Magazines Inc.",OK,HalfPriceBooksRecordsMagazines_Kittlitz_C,HalfPriceBooksRecordsMagazines_Kittlitz_C_SQL,14,14,0,0,,0,2026-02-23,2025-06-13,ONLINE,false,Confirmation compare clean for valid in-window submissions (deadline/today/test filters applied).
"Lawrence v. Whitley Penn, LLP",OK,WhitleyPenn_Lawrence_C,WhitleyPenn_Lawrence_C_SQL,0,0,0,0,,0,2026-06-25,2025-06-13,ONLINE,true,Confirmation compare clean for valid in-window submissions (deadline/today/test filters applied).
"Lay v. Betacom Holdings, Inc.",OK,BetacomHoldings_Lay_C,BetacomHoldings_Lay_C_SQL,163,163,0,0,,0,2025-12-17,2025-06-13,ONLINE,false,Confirmation compare clean for valid in-window submissions (deadline/today/test filters applied).
"Leedman v. Midland Credit Management, Inc.",OK,MidlandCreditManagement_Leedeman_O,MidlandCreditManagement_Leedeman_O_SQL,1692,1692,0,0,,0,2026-04-24,2025-06-13,ONLINE,true,Confirmation compare clean for valid in-window submissions (deadline/today/test filters applied).
"Leonard & Lee v. PCR Store 501, LLC",OK,PCRStore501_LeonardLee_C,PCRStore501_LeonardLee_C_SQL,35,35,0,0,,0,2026-03-24,2025-06-13,ONLINE,false,Confirmation compare clean for valid in-window submissions (deadline/today/test filters applied).
"Lesperance v. JAE Oregon, Inc.",OK,JAEOregon_Lesperance_C,JAEOregon_Lesperance_C_SQL,10,10,0,0,,0,2025-11-13,2025-06-13,ONLINE,false,Confirmation compare clean for valid in-window submissions (deadline/today/test filters applied).
Lightner v. Allied-Locke Industries Inc.,OK,AlliedLockeIndustries_Lightner_C,AlliedLockeIndustries_Lightner_C_SQL,56,56,0,0,,0,2025-12-16,2025-06-13,ONLINE,false,Confirmation compare clean for valid in-window submissions (deadline/today/test filters applied).
"Lopez et al. v. Universal Protection Service, LLC",OK,UniversalProtectionService_Lopez_C,UniversalProtectionService_Lopez_C_SQL,0,0,0,0,,0,2023-08-18,2025-06-13,ONLINE,false,Confirmation compare clean for valid in-window submissions (deadline/today/test filters applied).
Loschen v. Shoreline Community College,OK,ShorelineCommunityCollege_Loschen_C,ShorelineCommunityCollege_Loschen_C_SQL,0,0,0,0,,0,2025-04-28,2025-06-13,ONLINE,false,Confirmation compare clean for valid in-window submissions (deadline/today/test filters applied).
"M.N. v MultiCare Health System, Inc.",OK,MultiCareHealthSystem_MN_O,MultiCareHealthSystem_MN_O_SQL,635,635,0,0,,0,2026-02-03,2025-06-13,ONLINE,false,Confirmation compare clean for valid in-window submissions (deadline/today/test filters applied).
"Marquez v. Midwest Division MMC, LLC",OK,MidwestDivisionMMC_Marquez_C,MidwestDivisionMMC_Marquez_C_SQL,0,0,0,0,,0,2023-03-29,2025-06-13,ONLINE,false,Confirmation compare clean for valid in-window submissions (deadline/today/test filters applied).
"McAuley, et al. v. Pierce College District",OK,PierceCollegeDistrict_McAuley_C,PierceCollegeDistrict_McAuley_C_SQL,0,0,0,0,,0,2025-03-03,2025-06-13,ONLINE,false,Confirmation compare clean for valid in-window submissions (deadline/today/test filters applied).
"McKoy v. Ott Cone & Redpath, P.A.",OK,OttConeAndRedpathPA_McKoy_C,OttConeAndRedpathPA_McKoy_C_SQL,0,0,0,0,,0,2025-12-10,2025-06-13,ONLINE,false,Confirmation compare clean for valid in-window submissions (deadline/today/test filters applied).
"McMillan et al. v. Blue Ridge Property Management, LLC",OK,BlueRidgePropertyManagement_McMillan_C,BlueRidgePropertyManagement_McMillan_C_SQL,0,0,0,0,,0,2023-05-25,2025-06-13,ONLINE,false,Confirmation compare clean for valid in-window submissions (deadline/today/test filters applied).
"Medina v. Evolve Mortgage Services, LLC",OK,EvolveMortgage_Medina_C,EvolveMortgage_Medina_C_SQL,0,0,0,0,,0,2023-01-26,2025-06-13,ONLINE,false,Confirmation compare clean for valid in-window submissions (deadline/today/test filters applied).
Miclat v. Advanced Care Staffing,OK,AdvancedCareStaffing_Miclat_C,AdvancedCareStaffing_Miclat_C_SQL,34,34,0,0,,0,2026-02-17,2025-06-13,ONLINE,false,Confirmation compare clean for valid in-window submissions (deadline/today/test filters applied).
Moran et al. v. FCA US LLC - Arbitration,OK,FCA_Moran_O,FCA_Moran_A_SQL,0,0,0,0,,0,2025-08-14,2025-06-13,ONLINE,false,Confirmation compare clean for valid in-window submissions (deadline/today/test filters applied).
Moran et al. v. FCA US LLC - Claims,OK,FCA_Moran_O,FCA_Moran_O_SQL,0,0,0,0,,0,2023-08-14,2025-06-13,ONLINE,false,Confirmation compare clean for valid in-window submissions (deadline/today/test filters applied).
"Munguia-Brown, et al. v. Equity Residential, et al.",OK,EquityResidential_MunguiaBrown_O,EquityResidential_MunguiaBrown_O_SQL,776,776,0,0,,0,2026-04-16,2025-06-13,ONLINE,true,Confirmation compare clean for valid in-window submissions (deadline/today/test filters applied).
NorthwestPremierInvestments_Pizl_C,OK,NorthwestPremierInvestments_Pizl_C,NorthwestPremierInvestments_Pizl_C_SQL,0,0,0,0,,0,2024-10-25,2025-06-13,ONLINE,false,Confirmation compare clean for valid in-window submissions (deadline/today/test filters applied).
"Oliveira, et al. v. Language Line Services, Inc., et al.",OK,LanguageLineServices_Oliveira_C,LanguageLineServices_Oliveira_C_SQL,0,0,0,0,,0,2024-11-13,2025-06-13,ONLINE,false,Confirmation compare clean for valid in-window submissions (deadline/today/test filters applied).
Ovando v. Mountaire Farms Inc.,OK,MountaireFarms_GomezOvando_C,MountaireFarms_GomezOvando_C_SQL,0,0,0,0,,0,2025-11-19,2025-06-13,ONLINE,false,Confirmation compare clean for valid in-window submissions (deadline/today/test filters applied).
Owusu v. Renton School District,OK,RentonSchoolDistrict_Owusu_C,RentonSchoolDistrict_Owusu_C_SQL,245,245,0,0,,0,2026-04-06,2025-06-13,ONLINE,false,Confirmation compare clean for valid in-window submissions (deadline/today/test filters applied).
"Pacheco v. SOMIP, Inc.",OK,SOMIP_Pacheco_C,SOMIP_Pacheco_Mailing_SQL,0,0,0,0,,0,2024-12-09,2025-06-13,ONLINE,false,Confirmation compare clean for valid in-window submissions (deadline/today/test filters applied).
"Palazuelos v. HSGI, Inc.",OK,HSGI_Palazuelos_C,HSGI_Palazuelos_C_SQL,82,82,0,0,,0,2025-12-12,2025-06-13,ONLINE,false,Confirmation compare clean for valid in-window submissions (deadline/today/test filters applied).
"People of the State of California v. Lavender Lingerie, LLC dba Savage X Fenty",OK,LavenderLingerie_PeopleOfTheStateOfCalifornia_C,LavenderLingerie_PeopleOfTheStateOfCalifornia_C_SQL,0,0,0,0,,0,2023-04-03,2025-06-13,ONLINE,false,Confirmation compare clean for valid in-window submissions (deadline/today/test filters applied).
Peterson et al. v. BSH Home Appliances Corporation,OK,BSHHomeAppliances_Peterson_C,BSHHomeAppliances_Peterson_C_SQL,0,0,0,0,,0,2025-02-12,2025-06-13,ONLINE,false,Confirmation compare clean for valid in-window submissions (deadline/today/test filters applied).
"Pizl v. Dependable Staffing Agency, Ltd",OK,DependableStaffingAgency_Pizl_C,DependableStaffingAgency_Pizl_C_SQL,0,0,0,0,,0,2025-05-16,2025-06-13,ONLINE,false,Confirmation compare clean for valid in-window submissions (deadline/today/test filters applied).
"Pizl v. Roadrunner Transportation Services, Inc.",OK,RoadrunnerTransportationServices_PizlRogers_C,RoadrunnerTransportationServices_PizlRogers_C_SQL,0,0,0,0,,0,2025-03-25,2025-06-13,ONLINE,false,Confirmation compare clean for valid in-window submissions (deadline/today/test filters applied).
"Pletsch v. Roundy’s Supermarkets, Inc. and Roundy’s Illinois, LLC d/b/a/ Mariano’s",OK,RoundysSupermarkets_Pletsch_PC,RoundysSupermarkets_Pletsch_PC_SQL,0,0,0,0,,0,2022-09-26,2025-06-13,ONLINE,false,Confirmation compare clean for valid in-window submissions (deadline/today/test filters applied).
Plowman v. Ty Inc.,OK,Ty_Plowman_C,Ty_Plowman_C_SQL,8,8,0,0,,0,2025-06-18,2025-06-13,ONLINE,false,Confirmation compare clean for valid in-window submissions (deadline/today/test filters applied).
"Pope, et al. v. Cura Partners, Inc.",OK,CuraPartners_Pope_C,CuraPartners_Pope_C_SQL,0,0,0,0,,0,2022-04-29,2025-06-13,ONLINE,false,Confirmation compare clean for valid in-window submissions (deadline/today/test filters applied).
"Pope, et al. v. Cura Partners, Inc.",OK,CuraPartners_Pope_C,CuraPartners_Pope_C_SQL,0,0,0,0,,0,2022-07-07,2025-06-13,ONLINE,false,Confirmation compare clean for valid in-window submissions (deadline/today/test filters applied).
Progressive Leasing Breach Litigation,OK,ProgressiveLeasingBreachLitigation_C,ProgressiveLeasingBreachLitigation_C_SQL,8550,8550,0,17,,0,2026-01-22,2025-06-13,ONLINE,false,Confirmation compare clean for valid in-window submissions (deadline/today/test filters applied).
"Ragin v. LifeBridge Health, Inc.",OK,LifeBridgeHealth_Ragin_C,LifeBridgeHealth_Ragin_C_SQL,1248,1248,0,0,,0,2026-03-02,2025-06-13,ONLINE,false,Confirmation compare clean for valid in-window submissions (deadline/today/test filters applied).
"Rahman v. Erickson Companies, LLC",OK,EricksonCompanies_Rahman_C,EricksonCompanies_Rahman_C_SQL,283,283,0,0,,0,2026-02-10,2025-06-13,ONLINE,false,Confirmation compare clean for valid in-window submissions (deadline/today/test filters applied).
Ramos v. San Diego American Indian Health Center,OK,SanDiegoAmericanIndianHealthCenter_Ramos_C,SanDiegoAmericanIndianHealthCenter_Ramos_C_SQL,0,0,0,0,,0,2024-12-09,2025-06-13,ONLINE,false,Confirmation compare clean for valid in-window submissions (deadline/today/test filters applied).
Rasmussen v. The Walt Disney Co.,OK,WaltDisneyCompany_Rasmussen_O,WaltDisneyCompany_Rasmussen_O_SQL,61,61,0,0,,0,2025-08-16,2025-06-13,ONLINE,false,Confirmation compare clean for valid in-window submissions (deadline/today/test filters applied).
"Richardson v Cumberland Heights Foundation, Inc.",OK,CumberlandHeightsFoundation_Richardson_C,CumberlandHeightsFoundation_Richardson_C_SQL,68,68,0,0,,0,2026-05-15,2025-06-13,ONLINE,true,Confirmation compare clean for valid in-window submissions (deadline/today/test filters applied).
"Sablowsky v. Auto-Chlor System, LLC",OK,AutoChlor_Sablowsky_PC,AutoChlor_Sablowsky_PC_SQL,0,0,0,0,,0,2024-08-29,2025-06-13,ONLINE,false,Confirmation compare clean for valid in-window submissions (deadline/today/test filters applied).
"Sandler v. The May Institute, Inc.",OK,MayInstitute_Sandler_C,MayInstitute_Sandler_C_SQL,93,93,0,0,,0,2025-08-07,2025-06-13,ONLINE,false,Confirmation compare clean for valid in-window submissions (deadline/today/test filters applied).
"Schoeder-Rummel v. Mile Hi Foods, Co.",OK,MileHiFoods_SchoederRummel_C,MileHiFoods_SchoederRummel_C_SQL,73,73,0,0,,0,2026-01-20,2025-06-13,ONLINE,false,Confirmation compare clean for valid in-window submissions (deadline/today/test filters applied).
Shay v. Apple Inc.,OK,Apple_Shay_C,Apple_Shay_C_SQL,0,0,0,0,,0,2024-01-08,2025-06-13,ONLINE,false,Confirmation compare clean for valid in-window submissions (deadline/today/test filters applied).
"Simonin v. WinCo Foods, LLC",OK,WincoFoods_Simonin_C,WincoFoods_Simonin_C_SQL,0,0,0,0,,0,2024-07-09,2025-06-13,ONLINE,false,Confirmation compare clean for valid in-window submissions (deadline/today/test filters applied).
Solis v Highline School District No. 401,OK,HighlineSchoolDistrict_Solis_C,HighlineSchoolDistrict_Solis_C_SQL,1264,1264,0,0,,0,2026-04-20,2025-06-13,ONLINE,true,Confirmation compare clean for valid in-window submissions (deadline/today/test filters applied).
Song v. Weee! Logistics Inc.,OK,WeeeLogistics_Song_C,WeeeLogistics_Song_C_SQL,0,0,0,0,,0,2025-03-31,2025-06-13,ONLINE,false,Confirmation compare clean for valid in-window submissions (deadline/today/test filters applied).
Southern Ohio Health Systems Data Breach,OK,SouthernOhioHealthSystemsDataBreach_C,SouthernOhioHealthSystemsDataBreach_C_SQL,0,0,0,0,,0,2022-12-21,2025-06-13,ONLINE,false,Confirmation compare clean for valid in-window submissions (deadline/today/test filters applied).
"Stevens v. 3 Squares Diner, LLC",OK,3SquaresDiner_Stevens_C,3SquaresDiner_Stevens_C_SQL,0,0,0,0,,0,2025-05-27,2025-06-13,ONLINE,false,Confirmation compare clean for valid in-window submissions (deadline/today/test filters applied).
Thomas v. California Department of Corrections and Rehabilitation,OK,CaliforniaDepartmentOfCorrections_Thomas_C,CaliforniaDepartmentOfCorrections_Thomas_C_SQL,0,0,0,0,,0,2025-02-14,2025-06-13,ONLINE,false,Confirmation compare clean for valid in-window submissions (deadline/today/test filters applied).
TikTok Individual Privacy Litigation,OK,TikTok_418_Distribution_DISB,TikTok_418_Distribution_DISB_SQL,0,0,0,0,,0,2022-11-30,2025-06-13,ONLINE,false,Confirmation compare clean for valid in-window submissions (deadline/today/test filters applied).
"Treviso v. National Football Museum, Inc.",OK,NationalFootballMuseum_Treviso_C,NationalFootballMuseum_Treviso_C_SQL,0,0,0,0,,0,2023-10-09,2025-06-13,ONLINE,false,Confirmation compare clean for valid in-window submissions (deadline/today/test filters applied).
Tripp v. Perdue Foods LLC,OK,PerdueFoods_Tripp_PC,PerdueFoods_Tripp_PC_SQL,0,0,0,0,,0,2025-04-03,2025-06-13,ONLINE,false,Confirmation compare clean for valid in-window submissions (deadline/today/test filters applied).
Tu v. United Dental,OK,UnitedDentalCorporation_Tu_C,UnitedDentalCorporation_Tu_C_SQL,0,0,0,0,,0,2023-04-05,2025-06-13,ONLINE,false,Confirmation compare clean for valid in-window submissions (deadline/today/test filters applied).
Twitter Separation,OK,TwitterSeparation_Mailing,TwitterSeparation_C_SQL,0,0,0,0,,0,2026-12-31,2025-06-13,ONLINE,true,Confirmation compare clean for valid in-window submissions (deadline/today/test filters applied).
"V.C. et al., v. Salinas Valley Memorial Healthcare System",OK,SalinasValleyMemorial_Colvin_C,SalinasValleyMemorial_Colvin_C_SQL,0,0,0,0,,0,2022-11-14,2025-06-13,ONLINE,false,Confirmation compare clean for valid in-window submissions (deadline/today/test filters applied).
Vaughan v. Delta Delta Delta Fraternity,OK,DeltaDeltaDeltaFraternity_Vaughan_C,DeltaDeltaDeltaFraternity_Vaughan_C_SQL,0,0,0,0,,0,2025-02-03,2025-06-13,ONLINE,false,Confirmation compare clean for valid in-window submissions (deadline/today/test filters applied).
"Walkinshaw, et al. v. CommonSpirit Health, et al.",OK,CommonSpiritHealth_Walkinshaw_C,CommonSpiritHealth_Walkinshaw_C_SQL,0,0,0,0,,0,2023-03-06,2025-06-13,ONLINE,false,Confirmation compare clean for valid in-window submissions (deadline/today/test filters applied).
"Wallace v. Greystar Real Estate Partners, LLC, et al.",OK,GreystarRealEstate_Wallace_C,GreystarRealEstate_Wallace_C_SQL,0,0,0,0,,0,2022-06-20,2025-06-13,ONLINE,false,Confirmation compare clean for valid in-window submissions (deadline/today/test filters applied).
"Weaver, et al. v. Plymouth Tube Company",OK,PlymouthTubeCompany_Weaver_C,PlymouthTubeCompany_Weaver_C_SQL,2,2,0,0,,0,2025-06-23,2025-06-13,ONLINE,false,Confirmation compare clean for valid in-window submissions (deadline/today/test filters applied).
"Weekes v. Cohen Cleary, P.C.",OK,CohenCleary_Weekes_C,CohenCleary_Weekes_C_SQL,6,6,0,0,,0,2025-06-20,2025-06-13,ONLINE,false,Confirmation compare clean for valid in-window submissions (deadline/today/test filters applied).
West v. Rheem Manufacturing Company and Melet Plastics Inc.,OK,RheemManufacturingCompany_West_C,RheemManufacturingCompany_West_C_SQL,8694,8694,0,0,,0,2026-03-23,2025-06-13,ONLINE,false,Confirmation compare clean for valid in-window submissions (deadline/today/test filters applied).
Williams v. Iona University,OK,IonaUniversity_Williams_C,IonaUniversity_Williams_C_SQL,222,222,0,0,,0,2025-11-25,2025-06-13,ONLINE,false,Confirmation compare clean for valid in-window submissions (deadline/today/test filters applied).
"Williamson v. Curaleaf, Inc.",OK,Curaleaf_Williamson_C,Curaleaf_Williamson_C_SQL,0,0,0,0,,0,2023-09-27,2025-06-13,ONLINE,false,Confirmation compare clean for valid in-window submissions (deadline/today/test filters applied).
Xponential Fitness Franchisees Settlement,OK,XponentialFitness_Franchisees_C,XponentialFitness_Franchisees_C_SQL,707,707,0,0,,0,2026-04-15,2025-06-13,ONLINE,true,Confirmation compare clean for valid in-window submissions (deadline/today/test filters applied).
Young v. Good Samaritan Hospital,OK,GoodSamaritanHospital_Young_C,GoodSamaritanHospital_Young_C_SQL,0,0,0,0,,0,2023-07-18,2025-06-13,ONLINE,false,Confirmation compare clean for valid in-window submissions (deadline/today/test filters applied).
Young v. Laboratory Corporation of America,OK,LaboratoryCorporationOfAmerica_Young_C,LaboratoryCorporationOfAmerica_Young_C_SQL,0,0,0,0,,0,2025-05-27,2025-06-13,ONLINE,false,Confirmation compare clean for valid in-window submissions (deadline/today/test filters applied).
"Yu v. Gleiberman Properties, Inc.",OK,GleibermanProperties_Yu_C,GleibermanProperties_Yu_C_SQL,1755,1755,0,0,,0,2026-01-07,2025-06-13,ONLINE,false,Confirmation compare clean for valid in-window submissions (deadline/today/test filters applied).
"Zhuravleva v. U.S. Outlet Stores, LLC, dba U.S. Polo Association",OK,USPoloAssociation_Zhuravleva_C,USPoloAssociation_Zhuravleva_C_SQL,0,0,0,0,,0,2022-09-22,2025-06-13,ONLINE,false,Confirmation compare clean for valid in-window submissions (deadline/today/test filters applied).
"Zierold, et al. v. The Bradford Exchange, Ltd",OK,BradfordExchange_Zierold_C,BradfordExchange_Zierold_C_SQL,0,0,0,0,,0,2022-12-30,2025-06-13,ONLINE,false,Confirmation compare clean for valid in-window submissions (deadline/today/test filters applied).
Zoom Individual Privacy Litigation,OK,Zoom_Distribution_DISB,Zoom_Distribution_C_SQL,0,0,0,0,,0,2024-01-01,2025-06-13,ONLINE,false,Confirmation compare clean for valid in-window submissions (deadline/today/test filters applied).
Cobean v. Gastroenterology Associates,WARNING,GastroenterologyAssociates_Cobean_C,GastroenterologyAssociates_Cobean_C_SQL,1502,1494,8,2,2025-09-12,4,2025-09-19,2025-06-13,ONLINE,false,Confirmation compare found missing valid submissions (deadline/today/test filters applied).
EEOC v. Trustees of Columbia University in the City of New York,WARNING,ColumbiaUniversity_EEOC_C,ColumbiaUniversity_EEOC_C_SQL,6159,6081,78,0,2026-03-16,78,2026-06-02,2025-06-13,ONLINE,true,Confirmation compare found missing valid submissions (deadline/today/test filters applied).
Erazo v The Regents of the University of California,WARNING,RegentsOfTheUniversityOfCalifornia_Fields_C,RegentsOfTheUniversityOfCalifornia_Fields_C_SQL,20510,20051,459,1,2025-08-22,140,2025-10-20,2025-06-13,ONLINE,false,Confirmation compare found missing valid submissions (deadline/today/test filters applied).
"Fisk, et al. v. California State University, San Diego State University, et al.",WARNING,SanDiegoStateUniversity_Fisk_DISB,SanDiegoStateUniversity_Fisk_C_SQL,121,107,14,0,2026-03-12,7,2026-05-11,2025-06-13,ONLINE,true,Confirmation compare found missing valid submissions (deadline/today/test filters applied).
"Fugate v. PeopleWhiz, Inc.",WARNING,PeopleWhiz_Fugate_O,PeopleWhiz_Fugate_O_SQL,1918,1911,7,0,2026-02-20,6,2026-02-28,2025-06-13,ONLINE,false,Confirmation compare found missing valid submissions (deadline/today/test filters applied).
"Heath, et al.  v. Keenan & Associates",WARNING,KeenanAndAssociates_Heath_C,KeenanAndAssociates_Heath_C_SQL,61928,61926,2,0,2025-08-15,1,2025-10-30,2025-06-13,ONLINE,false,Confirmation compare found missing valid submissions (deadline/today/test filters applied).
"Jones v. Larson Motors, Inc.",WARNING,LarsonMotors_Jones_C,LarsonMotors_Jones_C_SQL,294,292,2,0,2025-08-22,2,2025-08-29,2025-06-13,ONLINE,false,Confirmation compare found missing valid submissions (deadline/today/test filters applied).
"Netgain Technology, LLC, Consumer Data Breach Litigation",WARNING,NetgainTechnologyConsumerDataBreachLitigation_C,NetgainTechnologyConsumerDataBreachLitigation_C_SQL,740575,704290,36285,0,2025-08-22,28606,2025-09-17,2025-06-13,ONLINE,false,Confirmation compare found missing valid submissions (deadline/today/test filters applied).
"Schenk v. System Transport, Inc.",WARNING,SystemTransport_SchenkWallace_C,SystemTransport_SchenkWallace_C_SQL,25,23,2,0,2025-07-11,2,2025-07-11,2025-06-13,ONLINE,false,Confirmation compare found missing valid submissions (deadline/today/test filters applied).
"Aiuto v. Publix Super Markets, Inc.",BAD,publixovertime,PublixSuperMarkets_Aiuto_PC_SQL,0,0,0,0,,0,,2025-06-13,ONLINE,false,Submissions table missing in website DB.
"Anderson v. San Francisco, et al.",BAD,SanFrancisco_Anderson_Mailing,SanFrancisco_Anderson_Mailing_SQL,0,0,0,0,,0,,2025-06-13,ONLINE,false,Submissions table missing in website DB.
Arredondo v. The University of La Verne,BAD,LaVerne_Arredondo_PC,LaVerne_Arredondo_PC_SQL,0,0,0,0,,0,2022-04-13,2025-06-13,ONLINE,false,Submissions table missing in website DB.
Arredondo v. University of La Verne,BAD,LaVerne_Arredondo_PC,UniversityOfLaVerne_Arredondo_O_SQL,0,0,0,0,,0,2023-02-17,2025-06-13,ONLINE,false,Submissions table missing in website DB.
"Artiga et al v. ABM Industry Groups, LLC",BAD,ABMIndustryGroups_Artiga_C,ABMIndustryGroups_Artiga_C_SQL,0,0,0,0,,0,2022-03-21,2025-06-13,ONLINE,false,Submissions table missing in website DB.
"Ayala v. Wide Open, Inc., et al.",BAD,WideOpen_Ayala_O,WideOpen_Ayala_C_SQL,0,0,0,0,,0,2024-05-30,2025-06-13,OFFLINE,false,Database 'WideOpen_Ayala_O' cannot be opened because it is offline. Offline database: comparison cannot run until this DB is online.
Ball v. Commerce West Insurance Company,BAD,CWICSettlement,CommerceWest_Ball_C_SQL,0,0,0,0,,0,,2025-06-13,ONLINE,false,Submissions table missing in website DB.
"Basham v. Tailored Living Choices, LLC",BAD,TailoredLivingChoices_Basham_C,TailoredLivingChoices_Basham_C_SQL,0,0,0,0,,0,2025-09-08,2025-06-13,OFFLINE,false,Database 'TailoredLivingChoices_Basham_C' cannot be opened because it is offline. Offline database: comparison cannot run until this DB is online.
"Bautista-Perez v. Juul Labs, Inc.",BAD,JuulLabs_Bautista_C,JuulLabs_Bautista_C_SQL,0,0,0,0,,0,2022-04-19,2025-06-13,ONLINE,false,Submissions table missing in website DB.
"Bochenek v. M2 Media Group, LLC, et al.",BAD,MagRenewalSettlement,M2_MEDIA_GROUP_BOCHENEK_C_SQL,0,0,0,0,,0,,2025-06-13,ONLINE,false,Submissions table missing in website DB.
Booth v. Molloy College,BAD,MolloyCollege_Booth_O,MolloyCollege_Booth_O_SQL,0,0,0,0,,0,2023-08-05,2025-06-13,OFFLINE,false,Database 'MolloyCollege_Booth_O' cannot be opened because it is offline. Offline database: comparison cannot run until this DB is online.
Botcher et al. v. Make School PBC,BAD,MakeSchoolPBC_Botcher_C,MakeSchoolPBC_Botcher_C_SQL,0,0,0,0,,0,2024-02-08,2025-06-13,OFFLINE,false,Database 'MakeSchoolPBC_Botcher_C' cannot be opened because it is offline. Offline database: comparison cannot run until this DB is online.
"Bradford v. Chevron U.S.A., Inc.",BAD,Chevron_Bradford_PC,ChevronPostCert_SQL,0,0,0,0,,0,2024-01-20,2025-06-13,OFFLINE,false,Database 'Chevron_Bradford_PC' cannot be opened because it is offline. Offline database: comparison cannot run until this DB is online.
"Britton, et al. v. Castle & Cooke Waikoloa, LLC (“Waikoloa-PEX Settlement”)",BAD,WaikoloaPEX_Britton_O,WaikoloaPEX_Britton_O_SQL,0,0,0,0,,0,2022-01-19,2025-06-13,ONLINE,false,Submissions table missing in website DB.
"Britton, et al. v. Castle & Cooke Waikoloa, LLC (“Waikoloa-Wind Settlement”)",BAD,WaikoloaWind_Britton_O,WaikoloaWind_Britton_O_SQL,0,0,0,0,,0,2022-01-19,2025-06-13,ONLINE,false,Submissions table missing in website DB.
"Brooks v. Pressed Juicery, Inc., et al.",BAD,PressedJuicery_Brooks_C,PressedJuicery_Brooks_C_SQL,0,0,0,0,,0,2022-04-29,2025-06-13,ONLINE,false,Submissions table missing in website DB.
"Broomfield, et al. v. Craft Brew Alliance, Inc.",BAD,konabeersettlement,KonaBrewingBroomfieldClaimsSQL,0,0,0,0,,0,,2025-06-13,ONLINE,false,Submissions table missing in website DB.
"Broomfield, et al. v. Craft Brew Alliance, Inc. - Confirm Emails",BAD,konabeersettlement,KonaBrewingBroomfieldClaimsSQL,0,0,0,0,,0,,2025-06-13,ONLINE,false,Submissions table missing in website DB.
Brunswick v. Amica Mutual Insurance Company,BAD,AmicaMutualInsurance_Brunswick_C,AmicaMutualInsurance_Brunswick_C_SQL,0,0,0,0,,0,2022-03-07,2025-06-13,ONLINE,false,Submissions table missing in website DB.
Carl Hester v. Phillips 66 Co.,BAD,HesterPhillips66,Phillips66_Hester_C_SQL,0,0,0,0,,0,,2025-06-13,ONLINE,false,Submissions table missing in website DB.
"Cecena v. Winston Brands, Inc.",BAD,WinstonBrands_Cecena_C,WinstonBrands_Cecena_C_SQL,0,0,0,0,,0,2023-10-12,2025-06-13,OFFLINE,false,Database 'WinstonBrands_Cecena_C' cannot be opened because it is offline. Offline database: comparison cannot run until this DB is online.
"Cesarz /Tang v. Wynn Las Vegas, LLC",BAD,WynnLasVegas_TangCesarz_C,WynnLasVegas_TangCesarz_C_SQL,0,0,0,0,,0,2022-06-15,2025-06-13,ONLINE,false,Submissions table missing in website DB.
Chandler v. The Regents of The University of California,BAD,Regents_Chandler_D,RegentsPreCert_SQL,0,0,0,0,,0,2024-02-23,2025-06-13,OFFLINE,false,Database 'Regents_Chandler_D' cannot be opened because it is offline. Offline database: comparison cannot run until this DB is online.
"Christofferson, et al., v. Creation Entertainment, Inc.",BAD,CreationEntertainment_Christofferson_C,CreationEntertainment_Christofferson_C_SQL,0,0,0,0,,0,,2025-06-13,ONLINE,false,Submissions table missing in website DB.
"Cirillo and Stiles v. Citrix Systems, Inc.",BAD,CitrixSystems_CirilloStiles_C,CitrixSystems_CirilloStiles_C_SQL,0,0,0,0,,0,2023-12-29,2025-06-13,OFFLINE,false,Database 'CitrixSystems_CirilloStiles_C' cannot be opened because it is offline. Offline database: comparison cannot run until this DB is online.
City of Southport v. Plantation Building of Wilmington,BAD,Southport_PlantationBuildingWilmington_C,CityofSouthport_PlantationBuildingWilmington_C_SQL,0,0,0,0,,0,2022-01-11,2025-06-13,ONLINE,false,Submissions table missing in website DB.
"Clark v. Melt Bar and Grilled Holdings, LLC",BAD,meltbarandgrilledlawsuit,MeltBarClarkPostCertSQL,0,0,0,0,,0,,2025-06-13,ONLINE,false,Submissions table missing in website DB.
Clark v. State Teachers Retirement System,BAD,STRSSettlement,StateTeachersRetirementSystem_Clark_O_SQL,0,0,0,0,,0,,2025-06-13,ONLINE,false,Submissions table missing in website DB.
Cleese v. MLT,BAD,VersaillesClassAction,MLT_Cleese_O_SQL,0,0,0,0,,0,,2025-06-13,ONLINE,false,Submissions table missing in website DB.
"Coleman, et al. v. Boys Town National Research Hospital",BAD,boystownclass,BoysTown_Coleman_C_SQL,0,0,0,0,,0,,2025-06-13,ONLINE,false,Submissions table missing in website DB.
"Conrad v. Sun Coast Resources, Inc., Lawsuit",BAD,SunCoastLawsuit,SunCoastResources_Conrad_PC_SQL,0,0,0,0,,0,,2025-06-13,ONLINE,false,Submissions table missing in website DB.
"Covington, et al. v Munger Farms LLC, et al.",BAD,mungersettlement,MungerFarms_Covington_O_SQL,0,0,0,0,,0,,2025-06-13,ONLINE,false,Submissions table missing in website DB.
"Crabtree v. Vivint, Inc.",BAD,Vivint_Crabtree_O,Vivint_Crabtree_O_SQL,0,0,0,0,,0,2023-12-08,2025-06-13,OFFLINE,false,Database 'Vivint_Crabtree_O' cannot be opened because it is offline. Offline database: comparison cannot run until this DB is online.
Curran v Carrabba’s Italian Grill,BAD,CarrabbasItalianGrill_Curran_PC,CarrabbasItalianGrillPostCert_SQL,0,0,0,0,,0,2024-01-16,2025-06-13,OFFLINE,false,Database 'CarrabbasItalianGrill_Curran_PC' cannot be opened because it is offline. Offline database: comparison cannot run until this DB is online.
"David M. Oates v. Kinder Morgan Energy Partners, L.P.",BAD,KinderMorganEnergyPartners_Oates_C,KinderMorganEnergyPartners_Oates_C_SQL,0,0,0,0,,0,2024-04-22,2025-06-13,OFFLINE,false,Database 'KinderMorganEnergyPartners_Oates_C' cannot be opened because it is offline. Offline database: comparison cannot run until this DB is online.
"Davis v. Tralee Affordable Panther LLC dba Deerfield Crossing Apartments and RAM Partners, LLC",BAD,evictionfeeclassactionnc,TraleeAffordablePanther_Davis_C_SQL,0,0,0,0,,0,,2025-06-13,ONLINE,false,Submissions table missing in website DB.
De Angelis v. Vanity,BAD,Vanity_DeAngelis_PC,Vanity_DeAngelis_PC_SQL,0,0,0,0,,0,,2025-06-13,ONLINE,false,Submissions table missing in website DB.
"Demery v. Securitas Security Services USA, Inc.",BAD,SecuritasSecurityServices_Demery_C,SecuritasSecurityServices_Demery_C_SQL,0,0,0,0,,0,2021-11-01,2025-06-13,ONLINE,false,Submissions table missing in website DB.
"DePyper v. Roundy’s Supermarkets, Inc.",BAD,RoundysSupermarkets_DePyper_PC,RoundysSupermarkets_DePyper_PC_SQL,0,0,0,0,,0,,2025-06-13,ONLINE,false,Submissions table missing in website DB.
"Dhadwal v. Fair Collections & Outsourcing of New England, Inc.",BAD,FCO_Dhadwal_C,FairCollectionsAndOutsourcingOfNewEngland_Dhadwal_C_SQL,0,0,0,0,,0,2025-06-27,2025-06-13,OFFLINE,false,Database 'FCO_Dhadwal_C' cannot be opened because it is offline. Offline database: comparison cannot run until this DB is online.
"DiLorenzo v. Bitdefender Inc., et al.",BAD,Bitdefender_DiLorenzo_C,Bitdefender_DiLorenzo_C_SQL,0,0,0,0,,0,,2025-06-13,ONLINE,false,Submissions table missing in website DB.
"Dominique Morrison v. Ross Stores, Inc.",BAD,RossStores_Morrison_O,RossStores_Morrison_O_SQL,0,0,0,0,,0,2021-11-29,2025-06-13,ONLINE,false,Submissions table missing in website DB.
Duhe v. Hospital Couriers Nevada LLC,BAD,DuheHCN,HospitalCouriersDuhePreCertSQL,0,0,0,0,,0,,2025-06-13,ONLINE,false,Submissions table missing in website DB.
"EEOC v. Lilly USA, LLC",BAD,LillyUSA_EEOC_C,LillyUSA_EEOC_C_SQL,0,0,0,0,,0,2024-07-29,2025-06-13,OFFLINE,false,Database 'LillyUSA_EEOC_C' cannot be opened because it is offline. Offline database: comparison cannot run until this DB is online.
ElementsProduction_Raus_C,BAD,ElementsProduction_Raus_C,ElementsProduction_Raus_C_SQL,0,0,0,0,,0,2023-10-13,2025-06-13,OFFLINE,false,Database 'ElementsProduction_Raus_C' cannot be opened because it is offline. Offline database: comparison cannot run until this DB is online.
"Ervin v. AmeriMark Direct LLC, et al.",BAD,AmeriMarkDirect_Ervin_C,AmeriMarkDirect_Ervin_C_SQL,0,0,0,0,,0,2022-05-13,2025-06-13,ONLINE,false,Submissions table missing in website DB.
"Everett, et al. v. Trusted Media Brands, Inc.",BAD,TrustedMediaBrands_Everett_C,TrustedMediaBrands_Everett_C_SQL,0,0,0,0,,0,,2025-06-13,ONLINE,false,Submissions table missing in website DB.
Express Messenger Systems Wage and Hour Cases,BAD,EMSWageAndHour,EMSWageAndHourCasesPostCertSQL,0,0,0,0,,0,,2025-06-13,ONLINE,false,Submissions table missing in website DB.
"Forsyth, et al., v. HP Inc., et al.",BAD,HP_Forsyth_PC,HP_Forsyth_PC_SQL,0,0,0,0,,0,2022-02-15,2025-06-13,ONLINE,false,Submissions table missing in website DB.
"Fritz v. Corizon Health, Inc.",BAD,CorizonHealth_Fritz_PC,CorizonHealth_Fritz_PC_SQL,0,0,0,0,,0,,2025-06-13,ONLINE,false,Submissions table missing in website DB.
"Fritz, et al. v. Corizon Health, Inc. et al.",BAD,CorizonHealth_Fritz_C,CorizonHealth_Fritz_C_SQL,0,0,0,0,,0,2022-05-09,2025-06-13,ONLINE,false,Submissions table missing in website DB.
"Gatlin et al. v. Flowers Baking Co. of Lenexa, LLC et al.",BAD,tempworkersettlement,Flower_Baking_Gatlin_C_SQL,0,0,0,0,,0,,2025-06-13,ONLINE,false,Submissions table missing in website DB.
"Gilbert v. MoneyMutual, LLC, et. al.",BAD,MoneyMutualSettlement,MoneyMutual_Gilbert_C_SQL,0,0,0,0,,0,,2025-06-13,ONLINE,false,Submissions table missing in website DB.
"Gold, et al. v. Lumber Liquidators, Inc.",BAD,BambooSettlement,LumberLiquidatorsGoldClaimsSQL,0,0,0,0,,0,,2025-06-13,ONLINE,false,Submissions table missing in website DB.
"Gonzales v. Charter Communications, LLC",BAD,CharterCommunications_Gonzales_PC,CharterCommunications_Gonzales_PC_SQL,0,0,0,0,,0,,2025-06-13,ONLINE,false,Submissions table missing in website DB.
"Hamaker v. Highline Medical Center, et al.",BAD,HighlineMedicalCenter_Hamaker_C,HighlineMedicalCenter_Hamaker_C_SQL,0,0,0,0,,0,2023-08-21,2025-06-13,OFFLINE,false,Database 'HighlineMedicalCenter_Hamaker_C' cannot be opened because it is offline. Offline database: comparison cannot run until this DB is online.
"Hampton, et al. v. KPM, LLC, et al.",BAD,KPM_Hampton_C,KPM_Hampton_C_SQL,0,0,0,0,,0,,2025-06-13,ONLINE,false,Submissions table missing in website DB.
HARTRANFT v TVI INC & APOGEE RETAIL,BAD,DonationCallSettlement,ApogeeHartranftClaimsSQL,0,0,0,0,,0,2026-01-27,2025-06-13,ONLINE,false,Submissions table missing in website DB.
HARTRANFT v TVI INC & APOGEE RETAIL - Redemption Portal,BAD,DPortal,ApogeeHartranftDistributionSQL,0,0,0,0,,0,,2025-06-13,ONLINE,false,Submissions table missing in website DB.
"Heath, et al. v. Steel River Systems, LLC",BAD,SteelRiverSystems_Heath_C,SteelRiverSystems_Heath_C_SQL,0,0,0,0,,0,2023-12-21,2025-06-13,OFFLINE,false,Database 'SteelRiverSystems_Heath_C' cannot be opened because it is offline. Offline database: comparison cannot run until this DB is online.
Hernandez v. Dutton Ranch Corporation,BAD,DRdemanda,DuttonRanch_Hernandez_PC_SQL,0,0,0,0,,0,,2025-06-13,ONLINE,false,Submissions table missing in website DB.
"Herrera-Zambrano v. Tower Valet Parking, Inc.",BAD,towerliberty,TowerValetParking_HerreraZambrano_D_SQL,0,0,0,0,,0,,2025-06-13,ONLINE,false,Submissions table missing in website DB.
"Highlands Physicians, Inc. v. Wellmont Health System",BAD,WellmontHealth_HighlandsPhysicians_O,WellmontHealth_HighlandsPhysicians_C_SQL,0,0,0,0,,0,,2025-06-13,ONLINE,false,Submissions table missing in website DB.
"Hightree v. Amplify, LTD",BAD,AmplifyLTD_Hightree_C,AmplifyLTD_Hightree_C_SQL,0,0,0,0,,0,,2025-06-13,ONLINE,false,Submissions table missing in website DB.
"Hinds v. Community Medical Centers, Inc.",BAD,CommunityMedical_Hinds_C,CommunityMedical_Hinds_C_SQL,0,0,0,0,,0,2023-11-16,2025-06-13,OFFLINE,false,Database 'CommunityMedical_Hinds_C' cannot be opened because it is offline. Offline database: comparison cannot run until this DB is online.
"Hubbard v. Livingston Memorial VNA Health Corp., et al.",BAD,LivingstonMemorial_Hubbard_C,LivingstonMemorial_Hubbard_C_SQL,0,0,0,0,,0,2024-05-03,2025-06-13,OFFLINE,false,Database 'LivingstonMemorial_Hubbard_C' cannot be opened because it is offline. Offline database: comparison cannot run until this DB is online.
"Isbell v. Polaris, Inc.",BAD,Polaris_Isbell_C,Polaris_Isbell_C_SQL,0,0,0,0,,0,2024-01-16,2025-06-13,OFFLINE,false,Database 'Polaris_Isbell_C' cannot be opened because it is offline. Offline database: comparison cannot run until this DB is online.
"Jacquess, et al. v. Snap RTO LLC.",BAD,SnapRTO_Jacquess_C,SnapRTO_Jacquess_C_SQL,0,0,0,0,,0,2022-05-02,2025-06-13,ONLINE,false,Submissions table missing in website DB.
"Jacquess, et al. v. Snap RTO LLC.",BAD,SnapRTO_Jacquess_C,SnapRTO_Jacquess_C_SQL,0,0,0,0,,0,2022-05-02,2025-06-13,ONLINE,false,Submissions table missing in website DB.
JamfSoftware_Schlichting_PC,BAD,JamfSoftware_Schlichting_PC,JamfSoftware_Schlichting_PC_SQL,0,0,0,0,,0,2023-09-25,2025-06-13,OFFLINE,false,Database 'JamfSoftware_Schlichting_PC' cannot be opened because it is offline. Offline database: comparison cannot run until this DB is online.
"Johnson v. Maker Ecosystem Growth Holdings, Inc. et al.",BAD,MakerEcosystemGrowthHoldings_Johnson_C,MakerEcosystemGrowthHoldings_Johnson_C_SQL,0,0,0,0,,0,2023-12-01,2025-06-13,OFFLINE,false,Database 'MakerEcosystemGrowthHoldings_Johnson_C' cannot be opened because it is offline. Offline database: comparison cannot run until this DB is online.
"Junkersfeld v. Per Diem Staffing Systems, Inc.",BAD,PerDiemStaffing_Junkersfeld_C,PerDiemStaffing_Junkersfeld_C_SQL,0,0,0,0,,0,2022-06-17,2025-06-13,ONLINE,false,Submissions table missing in website DB.
"Kidd Construction Group, LLC et. al v. Greenville Utilities Commission",BAD,GreenvilleUtilities_KiddConstruction_C,GreenvilleUtilities_KiddConstruction_C_SQL,0,0,0,0,,0,2022-09-29,2025-06-13,ONLINE,false,Submissions table missing in website DB.
"Komins v. Yonamine, et al.",BAD,Yonamine_Komins_D,Yonamine_Komins_D_SQL,0,0,0,0,,0,2022-12-31,2025-06-13,ONLINE,false,Submissions table missing in website DB.
Kujat v Roundys Supermarkets,BAD,marianoslawsuit,RoundysKujatPostCertSQL,0,0,0,0,,0,,2025-06-13,ONLINE,false,Submissions table missing in website DB.
Leslie v. Cunningham Restaurant Group LLC,BAD,CRGOvertimeLawsuit,CRGLesliePostCertSQL,0,0,0,0,,0,,2025-06-13,ONLINE,false,Submissions table missing in website DB.
Livingston v. MiTAC Digital Corporation,BAD,MagellanRoadMateSettlement,MiTACDigital_Livingston_C_SQL,0,0,0,0,,0,,2025-06-13,ONLINE,false,Submissions table missing in website DB.
"Long, et al. v. Safeway, Inc.",BAD,Safeway_LongHayes_C,Safeway_LongHayes_C_SQL,0,0,0,0,,0,2023-07-01,2025-06-13,OFFLINE,false,Database 'Safeway_LongHayes_C' cannot be opened because it is offline. Offline database: comparison cannot run until this DB is online.
Mackay v. PEMCO Mutual Insurance Company,BAD,PEMCO_Mackay_PC,PEMCO_Mackay_PC_SQL,0,0,0,0,,0,2022-06-06,2025-06-13,ONLINE,false,Submissions table missing in website DB.
"Mael v. Evanger’s Dog and Cat Food Co., Inc., et al.",BAD,Evangers,EvangersMaelClaimsSQL,0,0,0,0,,0,,2025-06-13,ONLINE,false,Submissions table missing in website DB.
"Margaret Stevens v. Britax Child Safety, Inc.",BAD,BritaxChildSafety_Stevens_C,BritaxChildSafety_Stevens_C_SQL,0,0,0,0,,0,2022-08-10,2025-06-13,ONLINE,false,Submissions table missing in website DB.
"McCord v. PRG Real Estate Management Inc, et al.",BAD,PRGRealEstate_McCord_O,PRGRealEstate_McCord_O_SQL,0,0,0,0,,0,2021-09-06,2025-06-13,ONLINE,false,Submissions table missing in website DB.
"McKinney, Koller et al. v. Consumer Reports, Inc.",BAD,ConsumerReports_McKinney_C,ConsumerReports_McKinney_C_SQL,0,0,0,0,,0,2021-09-27,2025-06-13,ONLINE,false,Submissions table missing in website DB.
"McLaughlin, et al. v Select Rehabilitation, LLC",BAD,SelectRehabilitation_McLaughlin_PC,SelectRehabilitation_McLaughlin_PC_SQL,0,0,0,0,,0,2023-07-21,2025-06-13,OFFLINE,false,Database 'SelectRehabilitation_McLaughlin_PC' cannot be opened because it is offline. Offline database: comparison cannot run until this DB is online.
"Medina, et al. v. Westdale Brentmoor, LLC, et al.",BAD,WestdaleBrentmoor_Medina_C,WestdaleBrentmoor_Medina_C_SQL,0,0,0,0,,0,,2025-06-13,ONLINE,false,Submissions table missing in website DB.
Megan Klatt v. Dignity Health,BAD,klattdignityhealth,DignityHealth_Klatt_C_SQL,0,0,0,0,,0,,2025-06-13,ONLINE,false,Submissions table missing in website DB.
"Moreno, et al. v. Buena Vista Catalogue Co.",BAD,BuenaVistaCatalogue_Moreno_C,BuenaVistaCatalogue_Moreno_C_SQL,0,0,0,0,,0,,2025-06-13,ONLINE,false,Submissions table missing in website DB.
Moret v. U.S. Bancorp et al. (Disb Only),BAD,MoretUSBankSettlement,USBankMoretDisbOnlySQL,0,0,0,0,,0,,2025-06-13,ONLINE,false,Submissions table missing in website DB.
"Morris v. Nextep Systems, Inc.",BAD,NextepSystems_Morris_C,NextepSystems_Morris_C_SQL,0,0,0,0,,0,2024-01-13,2025-06-13,OFFLINE,false,Database 'NextepSystems_Morris_C' cannot be opened because it is offline. Offline database: comparison cannot run until this DB is online.
"Morris v. Nextep Systems, Inc. (Questionnaire)",BAD,NextepSystems_Morris_C,NextepSystems_Morris_C_SQL,0,0,0,0,,0,2024-04-19,2025-06-13,OFFLINE,false,Database 'NextepSystems_Morris_C' cannot be opened because it is offline. Offline database: comparison cannot run until this DB is online.
"Myers, et al. v. Memorial Health System, et al.",BAD,MemorialHealthSystem_Myers_C,MemorialHealthSystem_Myers_C_SQL,0,0,0,0,,0,2022-08-05,2025-06-13,ONLINE,false,Submissions table missing in website DB.
"Nakai, et al. v. Hearst Magazine Media, Inc.",BAD,HearstMagazineMedia_Nakai_C,HearstMagazineMedia_Nakai_C_SQL,0,0,0,0,,0,2022-03-21,2025-06-13,ONLINE,false,Submissions table missing in website DB.
Nall v Dominion Enterprises,BAD,DominionEnterprises_Nall_C,DominionEnterprises_Nall_C_SQL,0,0,0,0,,0,2024-03-25,2025-06-13,OFFLINE,false,Database 'DominionEnterprises_Nall_C' cannot be opened because it is offline. Offline database: comparison cannot run until this DB is online.
"Nelson, et al. v. System1, Inc., et al.",BAD,System1_Nelson_C,System1_Nelson_C_SQL,0,0,0,0,,0,2025-03-04,2025-06-13,OFFLINE,false,Database 'System1_Nelson_C' cannot be opened because it is offline. Offline database: comparison cannot run until this DB is online.
Norton v. LVNV Funding LLC,BAD,LVNVFunding_Norton_C,LVNVFunding_Norton_C_SQL,0,0,0,0,,0,2021-12-06,2025-06-13,ONLINE,false,Submissions table missing in website DB.
"Oliveira & Leeman v. AMN Healthcare Language Services, Inc.",BAD,AMNHealthcareLanguageServices_OliveiraLeeman_C,AMNHealthcareLanguageServices_OliveiraLeeman_C_SQL,0,0,0,0,,0,2023-08-21,2025-06-13,OFFLINE,false,Database 'AMNHealthcareLanguageServices_OliveiraLeeman_C' cannot be opened because it is offline. Offline database: comparison cannot run until this DB is online.
"Oriana Johnson, et al. v. VCG-IS, LLC dba Imperial Showgirls, et al.",BAD,VCGIS_Johnson_O,VCGIS_Johnson_O_SQL,0,0,0,0,,0,2024-10-18,2025-06-13,OFFLINE,false,Database 'VCGIS_Johnson_O' cannot be opened because it is offline. Offline database: comparison cannot run until this DB is online.
"Pedroza et al. v. El Dorado Inn, et al. Settlement",BAD,28dayshufflelawsuite,ElDoradoInnPedrozaHybridSQL,0,0,0,0,,0,,2025-06-13,ONLINE,false,Submissions table missing in website DB.
"People of the State of California v. Match Group, Inc.",BAD,MatchGroup_PeopleOfTheStateOfCalifornia_C,MatchGroup_PeopleOfTheStateOfCalifornia_C_SQL,0,0,0,0,,0,2022-01-14,2025-06-13,ONLINE,false,Submissions table missing in website DB.
"People of the State of California v. PeopleConnect Inc. dba Classmates, S.D.",BAD,PeopleConnect_StateOfCalifornia_C,PeopleConnect_StateOfCalifornia_C_SQL,0,0,0,0,,0,2022-01-10,2025-06-13,ONLINE,false,Submissions table missing in website DB.
"Pratt v. Pacific Pie, Inc.",BAD,PacificPie_Pratt_C,PacificPie_Pratt_C_SQL,0,0,0,0,,0,2021-09-20,2025-06-13,ONLINE,false,Submissions table missing in website DB.
"Rasmussen, et al. v. The Walt Disney Company, et al.",BAD,Disney_Rasmussen_PC,DisneyRasmussenPostCert_SQL,0,0,0,0,,0,2024-06-24,2025-06-13,OFFLINE,false,Database 'Disney_Rasmussen_PC' cannot be opened because it is offline. Offline database: comparison cannot run until this DB is online.
Renteria v. Stemilt Ag Services LLC,BAD,StemiltAgServices_Renteria_C,StemiltAgServices_Renteria_C_SQL,0,0,0,0,,0,,2025-06-13,ONLINE,false,Submissions table missing in website DB.
"Rickey v. Baller, Inc.",BAD,Baller_Rickey_O,Baller_Rickey_O_SQL,0,0,0,0,,0,2025-01-17,2025-06-13,OFFLINE,false,Database 'Baller_Rickey_O' cannot be opened because it is offline. Offline database: comparison cannot run until this DB is online.
"Rodriguez v. Fitness Evolution, Inc./OM Fitness, LLC/Pleasanton Fitness",BAD,FitnessEvolutionLawsuit,FitnessEvolutionRodriguezPostCertSQL,0,0,0,0,,0,,2025-06-13,ONLINE,false,Submissions table missing in website DB.
"Ryan Odom v. ECA Marketing, Inc.",BAD,ECAMarketing_Odom_C,ECAMarketing_Odom_C_SQL,0,0,0,0,,0,2021-09-06,2025-06-13,ONLINE,false,Submissions table missing in website DB.
"SBEEG Holdings, LLC dba Hyde Bellagio and Spoonful Management LV LLC",BAD,SBEEGHoldings_EEOC_C,SBEEGHoldings_EEOC_C_SQL,0,0,0,0,,0,2022-07-19,2025-06-13,ONLINE,false,Submissions table missing in website DB.
"Sellers, et al. v. JustAnswer LLC",BAD,JustAnswer_Sellers_C,JustAnswer_Sellers_C_SQL,0,0,0,0,,0,2022-08-16,2025-06-13,ONLINE,false,Submissions table missing in website DB.
"Smith et al., v. Atkins Nutritionals, Inc.",BAD,ANIClassSettlement,AtkinsNutritionalsSmithClaimsSQL,0,0,0,0,,0,,2025-06-13,ONLINE,false,Submissions table missing in website DB.
"Smith v. Excel Property Management, Inc.",BAD,ExcelPropertyManagement_Smith_C,ExcelPropertyManagement_Smith_C_SQL,0,0,0,0,,0,2022-07-11,2025-06-13,ONLINE,false,Submissions table missing in website DB.
Smith v. Ovidiu Astalus,BAD,OvidiuAstalus_Smith_PC,OvidiuAstalus_Smith_PC_SQL,0,0,0,0,,0,2025-08-25,2025-06-13,OFFLINE,false,Database 'OvidiuAstalus_Smith_PC' cannot be opened because it is offline. Offline database: comparison cannot run until this DB is online.
Spiro v. Trinity Management Services,BAD,TrinityManagementServices_Spiro_O,TrinityManagementServices_Spiro_O_SQL,0,0,0,0,,0,2023-06-20,2025-06-13,OFFLINE,false,Database 'TrinityManagementServices_Spiro_O' cannot be opened because it is offline. Offline database: comparison cannot run until this DB is online.
State Controller Reissues,BAD,SCO_Reissues_MVC,CPTCheckReissues_SQL,0,0,0,0,,0,2022-06-01,2025-06-13,ONLINE,false,Submissions table missing in website DB.
State Controller Reissues OLD,BAD,cptgroupreissues,CPTGroupReissues_SQL,0,0,0,0,,0,,2025-06-13,ONLINE,false,Submissions table missing in website DB.
"Stuart, et al. v. City of Long Beach",BAD,LongBeach_Stuart_D,LongBeach_Stuart_D_SQL,0,0,0,0,,0,2022-06-08,2025-06-13,ONLINE,false,Submissions table missing in website DB.
"Tafelski, et al. v. Logan Health Medical Center",BAD,LoganHealthMedical_Tafelski_C,LoganHealthMedical_Tafelski_C_SQL,0,0,0,0,,0,2023-04-03,2025-06-13,OFFLINE,false,Database 'LoganHealthMedical_Tafelski_C' cannot be opened because it is offline. Offline database: comparison cannot run until this DB is online.
Test Download Case,BAD,zzzTesting_Database,zzzDBForImportTest,0,0,0,0,,0,2022-01-01,2025-06-13,ONLINE,false,Submissions table missing in website DB.
"The People of the State of California v. Evig, LLC",BAD,EvigLLC_PeopleOfTheStateOfCalifornia_C,EvigLLC_PeopleOfTheStateOfCalifornia_C_SQL,0,0,0,0,,0,2023-11-03,2025-06-13,OFFLINE,false,Database 'EvigLLC_PeopleOfTheStateOfCalifornia_C' cannot be opened because it is offline. Offline database: comparison cannot run until this DB is online.
"Thompson v. 1-800 Contacts, Inc.",BAD,onlinecontactlenses,1800Contacts_Thompson_C_SQL,0,0,0,0,,0,,2025-06-13,ONLINE,false,Submissions table missing in website DB.
"Thompson v. 1-800 Contacts, Inc. DeficientsOnly",BAD,onlinecontactlenses,1800Contacts_Thompson_C_SQL,0,0,0,0,,0,,2025-06-13,ONLINE,false,Submissions table missing in website DB.
Vasquez v. Draper and Kramer,BAD,DandKMortgageLawsuit,DraperandKramer_Vasquez_PC_SQL,0,0,0,0,,0,2022-06-11,2025-06-13,ONLINE,false,Submissions table missing in website DB.
Wackenthut Class Action Settlement,BAD,wackenhutsettlement,WackenhutClassActionSettlementClaimsSQL,0,0,0,0,,0,,2025-06-13,ONLINE,false,Submissions table missing in website DB.
"Washington v Circle Medical Technologies, Inc.",BAD,CircleMedicalTechnologies_Washington_C,CircleMedicalTechnologies_Washington_C_SQL,0,0,0,0,,0,2024-03-25,2025-06-13,OFFLINE,false,Database 'CircleMedicalTechnologies_Washington_C' cannot be opened because it is offline. Offline database: comparison cannot run until this DB is online.
West v Contemporary Services Corporation,BAD,cscclassactionsettlement,ContemporaryServicesWestClaimsSQL,0,0,0,0,,0,,2025-06-13,ONLINE,false,Submissions table missing in website DB.
"Williams, et al. v. Pegasus Residential, LLC, et al.",BAD,PegasusResidential_Williams_C,PegasusResidential_Williams_C_SQL,0,0,0,0,,0,2021-10-25,2025-06-13,ONLINE,false,Submissions table missing in website DB.
Woodruff v County of San Diego In-Home Supportive Services Public Authority,BAD,IHSSOrientationClaims,CountyOfSanDiego_Woodruff_C_SQL,0,0,0,0,,0,,2025-06-13,ONLINE,false,Submissions table missing in website DB.
"Zucchero v. Heirloom Roses, Inc.",BAD,HeirloomRoses_Zucchero_C,HeirloomRoses_Zucchero_C_SQL,0,0,0,0,,0,2024-03-21,2025-06-13,OFFLINE,false,Database 'HeirloomRoses_Zucchero_C' cannot be opened because it is offline. Offline database: comparison cannot run until this DB is online.
